ts	phase	decision	why	evidence	result
2026-09-30T21:07:36Z	frame	Expanded audit to all GUI screens and states	User requested full audit and fixes; build coverage before changing more screens	docs/gui-surface-audit.md	open
2026-09-30T21:29:32Z	inventory	Reviewed recording, editor, entry/shared and native source in independent slices	Cover production branches as well as existing component stories	/private/tmp/gui-audit-recording.md,/private/tmp/gui-audit-editor.md	source findings integrated
2026-09-30T21:29:32Z	scan	Rendered 294 stories in six viewport and theme combinations	Find contrast, overflow and render failures across the existing catalog	/private/tmp/gui-surface-audit/results.json	1764 cases; not a pristine baseline because fixes overlapped the scan
2026-09-30T21:29:33Z	keyboard	Reused shared Dialog for phone Pipeline parameters and repaired menu focus exit	Keep keyboard navigation and focus restoration consistent	gui/web/src/panels/PipelinePanel.test.tsx,gui/web/src/ui/Menu.test.tsx	confirmation pending
2026-09-30T21:29:33Z	recording	Added 42 recording states and corrected recovery and roster announcements	Expose room failure states and keep recovery advice truthful after access ends	gui/web/src/record/Room.stories.tsx,gui/web/src/record/RecordApp.test.tsx	focused recording tests green; browser confirmation pending
2026-09-30T21:29:33Z	native	Wrapped startup error paths and added responsive page padding	Long paths overflowed the native startup screen at 360 and 820 pixels	/private/tmp/gui-native-audit.cjs,gui/web/e2e/desktop-splash.spec.ts	browser reproduction now fits both widths
2026-09-30T21:29:33Z	verification	Stopped full Vitest while browser workflows run	Avoid interference through the shared E2E workspace marker	/private/tmp/gui-audit-vitest-full-network.log	full suite will rerun after browser checks
2026-09-30T21:43:08Z	review	Fixed modal ancestry and repeated menu-trigger interaction found by independent review	A dialog must escape inert chrome; pointer trigger blur must not reopen a menu	gui/web/src/ui/Dialog.test.tsx,gui/web/src/ui/Menu.test.tsx,gui/web/e2e/gui-surfaces.spec.ts	shared story confirmation green; live confirmation pending
2026-09-30T21:43:08Z	confirmation	Confirmed status ink, modal and menu fixes after the first targeted scan retained six contrast cases	Warning and audition marker colors were not readable as small pill text	/private/tmp/gui-modal-confirm/results.json	192 cases; zero axe, overflow, render or page errors
2026-09-30T21:43:08Z	recording	Confirmed new recording states and real guest-review workflows	Verify failure and recovery surfaces in rendered components and route integrations	/private/tmp/gui-recording-verification-summary.md	168 story cases,12 recording and4 review E2E cases passed; fake media limitation
2026-09-30T21:43:08Z	editor	Corrected tablet vocabulary heading hierarchy and intrinsic grid sizing	Live tablet checks found failures absent from isolated stories	gui/web/e2e/gui-surfaces.spec.ts	rechecking after rebuild
2026-09-30T21:47:35Z	editor	Replaced the ineffective vocabulary grid change with wrapping on the owning region	The overflowing text was the live announcement repeating the term; chip geometry already fit	gui/web/test-results/gui-surfaces-Editor-readin-e8b20-ove-action-within-the-panel/error-context.md,gui/web/src/styles/partials/panels.css	19 current-build editor and splash cases passed
2026-09-30T21:47:35Z	review	Independent reviewer accepted the modal and menu fixes and qualified coverage	Check the source changes and saved evidence before completion	docs/gui-surface-audit.md,/private/tmp/gui-modal-confirm/results.json,/private/tmp/gui-recording-verification-final/results.json	gpt-6-astra review; no remaining actionable P1/P2; same model-family limitation
2026-09-30T21:47:35Z	static	Passed frontend lint, format, typecheck and Storybook build	Verify the final component catalog and source gates	/private/tmp/gui-audit-lint-final.log,/private/tmp/gui-audit-format-final.log,/private/tmp/gui-audit-typecheck-final.log,/private/tmp/gui-audit-storybook-build-final.log	passed; lint retains existing warnings
2026-09-30T21:48:35Z	evidence	Preserved vocabulary regression in the committed test source instead of the temporary failure report	Playwright replaces test-results between runs; the earlier error-context pointer is now expired	gui/web/e2e/gui-surfaces.spec.ts,gui/web/src/styles/partials/panels.css	supersedes temporary error-context evidence in the previous editor row
2026-09-30T21:55:24Z	browser	Passed current-build editor and recording regressions plus Chromium/WebKit compatibility	Confirm shared modal changes in real workflows and both browser engines	/private/tmp/gui-editor-e2e-report.md,/private/tmp/gui-audit-compat-final.log	25 new editor/splash,43 broad including12 recording,18 compatibility cases passed;4 separate review cases also passed
2026-09-30T21:55:24Z	final	Passed complete frontend suite and production build after browser wrappers stopped	Finish source and bundle gates without overlapping fixture lifecycle tests	/private/tmp/gui-audit-vitest-complete.log,/private/tmp/gui-audit-build-complete.log,/private/tmp/gui-audit-python-final.log	4850 frontend tests,44 focused Python policy tests,app and Storybook builds passed
